filename,analyzed_at,duration_sec,viral_score,niche,content_format,pacing,cuts,hook_formats,tempo_bpm,detected_key,audio_mood,audio_type,face_ratio,eye_contact_ratio,text_ratio,avg_brightness,avg_saturation,avg_motion,harmony_pct,speaking_style,transcript_words,speaking_rate_wpm,silence_ratio
reel_33000likes_AQP1mge7e9VA5c-Ed_1b.mp4,2026-02-18T18:26:30.888718,10.61,56,humor_relatable,text_only,slow,0,relatable_situation|question_hook|transformation,129.2,E major,upbeat_positive,speech_over_music,0.273,0.0,1.0,129.736,65.164,6.149,61.3,no_speech,0,0,0.095
reel_223000likes_AQPNXciBhndEMf3zQWBP.mp4,2026-02-19T15:22:30.669365,18.5,10,general,action_broll,slow,0,,112.3,G# major,upbeat_positive,music_only,0.105,0.0,0.0,120.489,101.8,9.11,62.5,no_speech,0,0,0.0
reel_223000likes_AQPNXciBhndEMf3zQWBP.mp4,2026-02-19T15:25:07.229149,18.5,10,general,action_broll,slow,0,,112.3,G# major,upbeat_positive,music_only,0.105,0.0,0.0,120.489,101.8,9.11,62.5,no_speech,0,0,0.0
reel_27300likes_AQOqgAE2ckghpeGOplku.mp4,2026-02-19T15:38:14.565777,37.57,28,tech_ai,talking_head,slow,0,storytelling,95.7,E major,neutral_background,speech_over_music,1.0,0.316,0.0,150.884,54.345,5.884,56.2,conversational,86,140.4,0.093
reel_27300likes_AQOqgAE2ckghpeGOplku.mp4,2026-02-19T16:29:18.207001,37.57,48,tech_ai,political_rally,slow,0,storytelling,95.7,E major,neutral_background,speech_over_music,1.0,0.316,0.0,150.884,54.345,5.884,56.2,conversational,86,140.4,0.093,0,0.0,political_rally,calm,0,True
reel_27300likes_AQOqgAE2ckghpeGOplku.mp4,2026-02-19T18:29:47.036938,37.57,48,tech_ai,political_rally,slow,0,storytelling,95.7,E major,neutral_background,speech_over_music,1.0,0.316,0.0,150.884,54.345,5.884,56.2,conversational,86,140.4,0.093,0,0.0,political_rally,calm,0,True
reel_27300likes_AQOqgAE2ckghpeGOplku.mp4,2026-02-19T18:31:31.124924,37.57,48,tech_ai,political_rally,slow,0,storytelling,95.7,E major,neutral_background,speech_over_music,1.0,0.316,0.0,150.884,54.345,5.884,56.2,conversational,86,140.4,0.093,0,0.0,political_rally,calm,0,True
reel_19000likes_AQObSSyIQiPNrzzEHWUv.mp4,2026-02-19T18:40:32.870972,65.85,20,general,direct_to_camera,slow,0,,103.4,G# major,emotional_melodic,music_only,1.0,0.971,1.0,152.362,134.465,5.134,65.9,fast_energetic,198,181.4,0.0,2,1.0,interview_podcast,active,1.0,False
reel_19000likes_AQObSSyIQiPNrzzEHWUv.mp4,2026-02-19T22:31:59.657538,65.85,20,general,direct_to_camera,slow,0,,103.4,G# major,emotional_melodic,music_only,1.0,0.971,1.0,152.362,134.465,5.134,65.9,fast_energetic,198,181.4,0.0
reel_19000likes_AQObSSyIQiPNrzzEHWUv.mp4,2026-02-20T11:21:50.305829,65.85,48,astrology_horoscope,direct_to_camera,slow,0,horoscope_astrology,103.4,G# major,emotional_melodic,music_only,1.0,0.985,1.0,152.362,134.465,5.134,65.9,fast_energetic,198,181.4,0.0,indoor,indoor_busy_background,red_warm,dim,1.0,1,devanagari|latin
reel_19900likes_AQOWUlLtvNSdtIwKYntR.mp4,2026-02-20T11:24:01.370927,11.17,28,tech_ai,direct_to_camera,slow,0,,103.4,C major,neutral_background,speech_over_music,0.909,0.818,1.0,123.991,94.782,8.749,58.8,deliberate,16,87.0,0.0,indoor,indoor_busy_background,grey_100,normal,1.5,2,latin
reel_19000likes_AQObSSyIQiPNrzzEHWUv.mp4,2026-02-20T11:46:37.440564,65.85,48,astrology_horoscope,direct_to_camera,slow,0,horoscope_astrology,103.4,G# major,emotional_melodic,music_only,1.0,0.985,1.0,152.362,134.465,5.134,65.9,conversational,166,152.1,0.0,57,True,arabic_urdu,indoor,indoor_busy_background,red_warm,dim,1.0,1,latin|devanagari,False,,,0
reel_19000likes_AQObSSyIQiPNrzzEHWUv.mp4,2026-02-20T13:04:17.390243,65.85,38,astrology_horoscope,direct_to_camera,slow,0,horoscope_astrology,103.4,G# major,emotional_melodic,music_only,1.0,0.985,1.0,152.362,134.465,5.134,65.9,slow_dramatic,69,63.2,0.0,0,False,latin,indoor,indoor_busy_background,red_warm,dim,1.0,1,devanagari|latin,False,,,0
reel_24600likes_AQO_x26ajIzQSPChzXMv.mp4,2026-02-20T16:45:55.711537,6.57,5,general,direct_to_camera,slow,0,,103.4,F major,emotional_melodic,music_only,0.714,0.429,0.714,108.486,100.986,3.583,62.1,slow_dramatic,8,73.4,0.308,47,False,indoor,indoor_busy_background,0.857,studio,talking head,60.7,person|dining table|potted plant,3,,0
reel_24600likes_AQO_x26ajIzQSPChzXMv.mp4,2026-02-20T16:54:09.816163,6.57,10,general,direct_to_camera,slow,0,,103.4,F major,unknown,unknown,0.714,0.429,0.714,108.486,100.986,3.583,62.1,slow_dramatic,8,73.4,0,47,False,devanagari,indoor,indoor_busy_background,grey_50,dim,0.9,2,latin,False,94.0,10.7,speech|bass_heavy,,,0,
reel_24600likes_AQO_x26ajIzQSPChzXMv.mp4,2026-02-20T17:23:41.439134,6.57,10,general,direct_to_camera,slow,0,,103.4,F major,unknown,unknown,0.714,0.429,0.714,108.486,100.986,3.583,62.1,slow_dramatic,8,73.4,0,47,False,devanagari,indoor,indoor_busy_background,grey_50,dim,0.9,2,latin,False,94.0,10.7,speech|bass_heavy,,,0,
reel_24600likes_AQO_x26ajIzQSPChzXMv.mp4,2026-02-20T17:30:53.212335,6.57,18,education,direct_to_camera,slow,0,,103.4,F major,unknown,unknown,0.714,0.429,0.714,108.486,100.986,3.583,62.1,slow_dramatic,8,73.4,0,47,False,devanagari,indoor,indoor_busy_background,grey_50,dim,0.9,2,latin,False,94.0,10.7,speech|bass_heavy,education,serious,75,Hinglish
reel_24600likes_AQO_x26ajIzQSPChzXMv.mp4,2026-02-20T17:35:09.859740,6.57,18,education,direct_to_camera,slow,0,,103.4,F major,unknown,unknown,0.714,0.429,0.714,108.486,100.986,3.583,62.1,slow_dramatic,8,73.4,0,47,False,devanagari,indoor,indoor_busy_background,grey_50,dim,0.9,2,latin,False,94.0,10.7,speech|bass_heavy,education,serious,75,Hinglish
reel_51500likes_AQMs6DjzH0bbhbvY3NND.mp4,2026-02-20T17:45:03.723418,9.66,0,general,text_only,slow,0,,99.4,C major,emotional_melodic,speech_over_music,0.2,0.2,1.0,46.91,51.59,2.077,63.3,slow_dramatic,6,51.6,0.0,0,False,indoor,indoor_busy_background,1.0,wetland,scenic/b-roll,54.0,person|handbag|truck,4,,0
reel_51500likes_AQMs6DjzH0bbhbvY3NND.mp4,2026-02-20T17:56:07.893835,9.66,0,general,text_only,slow,0,,99.4,C major,emotional_melodic,speech_over_music,0.2,0.2,1.0,46.91,51.59,2.077,63.3,slow_dramatic,6,51.6,0.0,0,False,indoor,indoor_busy_background,1.0,wetland,scenic/b-roll,54.0,person|handbag|truck,4,,0
reel_51500likes_AQMs6DjzH0bbhbvY3NND.mp4,2026-02-20T18:08:28.590679,9.66,0,general,text_only,slow,0,,99.4,C major,emotional_melodic,speech_over_music,0.2,0.2,1.0,46.91,51.59,2.077,63.3,slow_dramatic,6,51.6,0.0,0,False,indoor,indoor_busy_background,1.0,wetland,scenic/b-roll,54.0,person|handbag|truck,4,,0
reel_51500likes_AQMs6DjzH0bbhbvY3NND.mp4,2026-02-20T18:17:45.311498,9.66,0,general,text_only,slow,0,,99.4,C major,emotional_melodic,speech_over_music,0.2,0.2,1.0,46.91,51.59,2.077,63.3,deliberate,10,86.0,0.0,0,False,indoor,indoor_busy_background,1.0,wetland,scenic/b-roll,54.0,person|handbag|truck,4,,0
reel_54700likes_AQPzLHjsLLuTXO-0r6la.mp4,2026-02-20T18:36:04.195076,13.95,14,humor_relatable,text_only,slow,0,,136.0,D major,unknown,unknown,0.0,0.0,0.75,72.179,94.357,2.477,54.1,slow_dramatic,5,21.6,0,50,False,devanagari,outdoor,outdoor_nature,grey_50,dim,0.0,0,latin|devanagari,False,98.2,22.2,speech|music|rhythmic,comedy,playful,75,Hinglish,6,unknown,scenic/b-roll,45.9,person|bird,0.0,0.0,0.0
reel_54700likes_AQPzLHjsLLuTXO-0r6la.mp4,2026-02-20T18:56:26.831455,13.95,14,humor_relatable,text_only,slow,0,,136.0,D major,unknown,unknown,0.0,0.0,0.75,72.179,94.357,2.477,54.1,slow_dramatic,5,21.6,0,50,False,devanagari,outdoor,outdoor_nature,grey_50,dim,0.0,0,latin|devanagari,False,98.2,22.2,speech|music|rhythmic,comedy,playful,75,Hinglish,6,unknown,scenic/b-roll,45.9,person|bird,0.0,0.0,0.0
reel_324000likes_AQNI8y7T07VYbrMCss0c.mp4,2026-02-21T01:01:26.795564,14.56,14,mental_health,talking_head,slow,0,,129.2,B major,unknown,unknown,0.931,0.241,0.828,135.083,130.979,5.39,55.5,slow_dramatic,10,45.0,0,25,False,devanagari,indoor,indoor_busy_background,red_warm,dim,1.103,2,latin,False,91.4,21.3,speech|music|rhythmic,spiritual,serious,75,Hinglish,19,unknown,concert/event,62.4,person|chair,0.0,0.0,0.0
reel_324000likes_AQNI8y7T07VYbrMCss0c.mp4,2026-02-21T12:07:11.697103,14.56,34,mental_health,text_only,slow,0,meme_format,129.2,B major,unknown,unknown,0.0,0.0,0.828,135.083,130.979,5.39,55.5,slow_dramatic,10,45.0,0,25,False,devanagari,indoor,indoor_room,red_warm,dim,0.172,1,latin,91.4,21.3,speech|music|rhythmic,spiritual,serious,75,Hinglish,19,unknown,concert/event,56.7,person|chair,0.0,0.0,0.0,,
reel_324000likes_AQNI8y7T07VYbrMCss0c.mp4,2026-02-21T12:15:06.270824,14.56,34,education,text_only,slow,0,meme_format,129.2,B major,unknown,unknown,0.0,0.0,0.828,135.083,130.979,5.39,55.5,slow_dramatic,10,45.0,0,25,False,devanagari,indoor,indoor_room,red_warm,dim,0.172,1,latin,91.4,21.3,speech|music|rhythmic,education,serious,75,Hinglish,19,unknown,concert/event,56.7,person|chair,0.0,0.0,0.0,,
reel_324000likes_AQNI8y7T07VYbrMCss0c.mp4,2026-02-21T16:22:57.825949,14.56,34,viral_meme,text_only,slow,0,meme_format,129.2,B major,unknown,unknown,0.0,0.0,0.828,135.083,130.979,5.39,55.5,slow_dramatic,10,45.0,0,25,False,devanagari,indoor,indoor_room,red_warm,dim,0.172,1,latin,91.4,21.3,speech|music|rhythmic,,,0,,19,unknown,concert/event,56.7,person|chair,0.0,0.0,0.0,Speech|Music,,,0,0
reel_324000likes_AQNI8y7T07VYbrMCss0c.mp4,2026-02-21T16:42:43.016641,14.56,34,mental_health,text_only,slow,0,meme_format,129.2,B major,unknown,unknown,0.0,0.0,0.828,135.083,130.979,5.39,55.5,slow_dramatic,10,45.0,0,25,False,devanagari,indoor,indoor_room,red_warm,dim,0.172,1,latin,91.4,21.3,speech|music|rhythmic,spiritual,serious,75,Hinglish,19,unknown,concert/event,56.7,person|chair,0.0,0.0,0.0,Speech|Music,,,0,0
reel_324000likes_AQNI8y7T07VYbrMCss0c.mp4,2026-02-21T17:28:01.957309,14.56,34,viral_meme,text_only,slow,0,meme_format,129.2,B major,unknown,unknown,0.0,0.0,0.828,135.083,130.979,5.39,55.5,no_speech,0,0,0,0,False,,indoor,indoor_room,red_warm,dim,0.172,1,latin,91.4,21.3,speech|music|rhythmic,,,0,,19,unknown,concert/event,56.7,person|chair,0.0,0.0,0.0,Speech|Music,,,0,0
reel_324000likes_AQNI8y7T07VYbrMCss0c.mp4,2026-02-21T20:11:00.461256,14.56,34,humor_relatable,text_only,slow,0,meme_format,129.2,B major,unknown,unknown,0.0,0.0,0.828,135.083,130.979,5.39,55.5,no_speech,0,0,0,0,False,,indoor,indoor_room,red_warm,dim,0.172,1,latin,91.4,21.3,speech|music|rhythmic,comedy,playful,75,Hinglish,19,unknown,concert/event,56.7,person|chair,0.0,0.0,0.0,Speech|Music,,,0,0
reel_324000likes_AQNI8y7T07VYbrMCss0c.mp4,2026-02-21T20:20:45.370274,14.56,34,mental_health,text_only,slow,0,meme_format,129.2,B major,unknown,unknown,0.0,0.0,0.828,135.083,130.979,5.39,55.5,slow_dramatic,10,45.0,0,25,False,devanagari,indoor,indoor_room,red_warm,dim,0.172,1,latin,91.4,21.3,speech|music|rhythmic,spiritual,serious,75,Hinglish,19,unknown,concert/event,56.7,person|chair,0.0,0.0,0.0,Speech|Music,,,0,0
reel_324000likes_AQNI8y7T07VYbrMCss0c.mp4,2026-02-21T21:55:49.475853,14.56,34,humor_relatable,text_only,slow,0,meme_format,129.2,B major,unknown,unknown,0.0,0.0,0.828,135.083,130.979,5.39,55.5,no_speech,0,0,0,0,False,,indoor,indoor_room,red_warm,dim,0.172,1,latin,91.4,21.3,speech|music|rhythmic,comedy,playful,75,Hinglish,19,unknown,concert/event,56.7,person|chair,0.0,0.0,0.0,Speech|Music,,,0,0
reel_324000likes_AQNI8y7T07VYbrMCss0c.mp4,2026-02-21T23:40:00.200292,14.56,34,mental_health,text_only,slow,0,meme_format,129.2,B major,unknown,unknown,0.0,0.0,0.828,135.083,130.979,5.39,55.5,slow_dramatic,10,45.0,0,25,False,devanagari,indoor,indoor_room,red_warm,dim,0.172,1,latin,91.4,21.3,speech|music|rhythmic,spiritual,serious,75,Hinglish,19,unknown,concert/event,56.7,person|chair,0.0,0.0,0.0,Speech|Music,,,0,0
reel_324000likes_AQNI8y7T07VYbrMCss0c.mp4,2026-02-22T00:02:17.209160,14.56,34,education,text_only,slow,0,meme_format,129.2,B major,unknown,unknown,0.0,0.0,0.828,135.083,130.979,5.39,55.5,slow_dramatic,10,45.0,0,25,False,devanagari,indoor,indoor_room,red_warm,dim,0.172,1,latin,91.4,21.3,speech|music|rhythmic,education,serious,75,Hinglish,19,unknown,concert/event,56.7,person|chair,0.0,0.0,0.0,Speech|Music,,,0,0
reel_324000likes_AQNI8y7T07VYbrMCss0c.mp4,2026-02-22T12:38:24.767862,14.56,34,mental_health,text_only,slow,0,meme_format,129.2,B major,unknown,unknown,0.0,0.0,0.828,135.083,130.979,5.39,55.5,slow_dramatic,10,45.0,0,25,False,devanagari,indoor,indoor_room,red_warm,dim,0.172,1,latin,91.4,21.3,speech|music|rhythmic,spiritual,inspirational,75,Hinglish,19,unknown,concert/event,56.7,person|chair,0.0,0.0,0.0,Speech|Music,,,0,0
reel_324000likes_AQNI8y7T07VYbrMCss0c.mp4,2026-02-23T00:51:24.883811,14.56,34,education,text_only,slow,0,meme_format,129.2,B major,unknown,unknown,0.0,0.0,0.828,135.083,130.979,5.39,55.5,slow_dramatic,10,45.0,0,25,False,devanagari,indoor,indoor_room,red_warm,dim,0.172,1,latin,91.4,21.3,speech|music|rhythmic,education,serious,75,Hinglish,19,unknown,concert/event,56.7,person|chair,0.0,0.0,0.0,Speech|Music,,,0,0
reel_164000likes_AQNrKCqcQ7kyqyjDXdJT.mp4,2026-02-23T01:26:36.921487,38.22,13,mental_health,action_broll,medium,5,,172.3,B major,unknown,unknown,0.0,0.0,0.364,112.801,80.286,9.023,63.7,no_speech,0,0,0,0,False,,indoor,indoor_busy_background,red_warm,dim,0.429,3,latin|devanagari,97.0,24.9,speech|music|rhythmic|bass_heavy,spiritual,mysterious,75,Hinglish,29,unknown,scenic/b-roll,56.9,person|cell phone|remote|baseball glove|bench,0.0,0.0,0.0,Speech|Music|Vehicle,,,0,0
reel_82600likes_AQMFrAyMVJPUlIYOD56b.mp4,2026-02-23T01:46:45.190067,11.75,0,general,action_broll,slow,1,,92.3,D# major,unknown,unknown,0.0,0.0,0.0,110.1,110.554,12.664,66.0,no_speech,0,0,0,0,False,,outdoor,outdoor_street_or_open,grey_50,dim,0.083,2,,99.8,15.3,speech|bass_heavy,education,serious,0,English,3,unknown,scenic/b-roll,54.6,dog|chair|bear|person|bench,0.0,0.0,0.0,Silence,,,0,0
reel_82600likes_AQMFrAyMVJPUlIYOD56b.mp4,2026-02-23T02:34:32.102233,11.75,0,education,action_broll,slow,1,,92.3,D# major,unknown,unknown,0.0,0.0,0.0,110.1,110.554,12.664,66.0,no_speech,0,0,0,0,False,,outdoor,outdoor_street_or_open,grey_50,dim,0.083,2,,99.8,15.3,speech|bass_heavy,education,serious,75,English,3,unknown,scenic/b-roll,54.6,dog|chair|bear|person|bench,0.0,0.0,0.0,Silence,,,0,0
